Song Name,Artist,Release Date,YouTube Link
รักแรกพบ,Tattoo Colour,30 พ.ย. 2022,https://www.youtube.com/watch?v=MkBJvvvg2a4&t=651s
รักเธอย้ำย้ำ,Mycara Melony,30 พ.ย. 2022,https://www.youtube.com/watch?v=MkBJvvvg2a4&t=954s
ไปต่างโลก,Pixela Isekai,30 พ.ย. 2022,https://www.youtube.com/watch?v=MkBJvvvg2a4&t=2321s
คู่ชีวิต,Cocktail,30 พ.ย. 2022,https://www.youtube.com/watch?v=MkBJvvvg2a4&t=3862s
กอดฉันที,Mycara Melony,30 พ.ย. 2022,https://www.youtube.com/watch?v=MkBJvvvg2a4&t=4176s
ไม่บอกเธอ,Bedroom Audio,3 ธ.ค. 2022,https://www.youtube.com/watch?v=Eq-TxaXDqmo&t=1047s
แค่คุณ,Musketeers,3 ธ.ค. 2022,https://www.youtube.com/watch?v=Eq-TxaXDqmo&t=1967s
อย่างน้อย,Big Ass,3 ธ.ค. 2022,https://www.youtube.com/watch?v=Eq-TxaXDqmo&t=2889s
ร่มสีเทา,วัชราวลี,3 ธ.ค. 2022,https://www.youtube.com/watch?v=Eq-TxaXDqmo&t=3735s
ไกลแค่ไหนคือใกล้,Getsunova,3 ธ.ค. 2022,https://www.youtube.com/watch?v=Eq-TxaXDqmo&t=4351s
คุกเข่า,Cocktail,3 ธ.ค. 2022,https://www.youtube.com/watch?v=Eq-TxaXDqmo&t=4941s
กอดฉันที,Mycara Melony,3 ธ.ค. 2022,https://www.youtube.com/watch?v=Eq-TxaXDqmo&t=5425s
ลมหนาวแสนพิเศษ (Snow Melody),Mycara Melony,6 ธ.ค. 2022,https://www.youtube.com/watch?v=8pxJLUbb96A&t=4007s
เฮอร์ไมโอน้อง,อูน TheChanisara,12 ธ.ค. 2022,https://www.youtube.com/watch?v=bn3UkgXNpkY&t=1236s
Like Flames,MindaRyn,12 ธ.ค. 2022,https://www.youtube.com/watch?v=bn3UkgXNpkY&t=1698s
เลือกได้ไหม,ZAZA,12 ธ.ค. 2022,https://www.youtube.com/watch?v=bn3UkgXNpkY&t=2365s
ฟ้า,Tattoo Colour,12 ธ.ค. 2022,https://www.youtube.com/watch?v=bn3UkgXNpkY&t=3301s
Unloveable,Mild,12 ธ.ค. 2022,https://www.youtube.com/watch?v=bn3UkgXNpkY&t=3805s
Suberidai,Reborn ED9,12 ธ.ค. 2022,https://www.youtube.com/watch?v=bn3UkgXNpkY&t=4153s
เธอยัง,Potato,12 ธ.ค. 2022,https://www.youtube.com/watch?v=bn3UkgXNpkY&t=4663s
ที่รัก (เธอ),เอก สุระเชษฐ์,12 ธ.ค. 2022,https://www.youtube.com/watch?v=bn3UkgXNpkY&t=5540s
PLEASE,อะตอม ชนกันต์,12 ธ.ค. 2022,https://www.youtube.com/watch?v=bn3UkgXNpkY&t=6263s
ฉลามชอบงับคุณ,Bonnadol,12 ธ.ค. 2022,https://www.youtube.com/watch?v=bn3UkgXNpkY&t=6853s
ลงใจ,BOWKYLION,12 ธ.ค. 2022,https://www.youtube.com/watch?v=bn3UkgXNpkY&t=7508s
รักเธอย้ำย้ำ,Mycara Melony,12 ธ.ค. 2022,https://www.youtube.com/watch?v=bn3UkgXNpkY&t=7961s
ซูลูปาก้า ตาปาเฮ้,themoonwillalwaysbewithme,14 ธ.ค. 2022,https://youtu.be/6fQiCX46JbM
Secret Base,AnoHana ED,18 ธ.ค. 2022,https://www.youtube.com/watch?v=Y4urX5ce22w&t=1647s
ANIMA,SAO OP,18 ธ.ค. 2022,https://www.youtube.com/watch?v=Y4urX5ce22w&t=2740s
Reaching You,Kimi Ni Todoke,18 ธ.ค. 2022,https://www.youtube.com/watch?v=Y4urX5ce22w&t=3522s
Silhouette,Naruto OP16,18 ธ.ค. 2022,https://www.youtube.com/watch?v=Y4urX5ce22w&t=4195s
Gurenge,Kimetsu no Yaiba OP,18 ธ.ค. 2022,https://www.youtube.com/watch?v=Y4urX5ce22w&t=4795s
Unravel,Tokyo Ghoul OP,18 ธ.ค. 2022,https://www.youtube.com/watch?v=Y4urX5ce22w&t=5389s
Fly High,Haikyuu OP2,18 ธ.ค. 2022,https://www.youtube.com/watch?v=Y4urX5ce22w&t=6100s
Drawing Days,Reborn OP1,18 ธ.ค. 2022,https://www.youtube.com/watch?v=Y4urX5ce22w&t=6847s
Nandemonaiya,Your Name,18 ธ.ค. 2022,https://www.youtube.com/watch?v=Y4urX5ce22w&t=7411s
กอดฉันที,Mycara Melony,20 ธ.ค. 2022,https://www.youtube.com/watch?v=6XpgBE8KLgU&t=4689s
โตแล้ว,KANGSOMKS x Ryo,22 ธ.ค. 2022,https://www.youtube.com/watch?v=O74WVd4PEsY&t=3484s
กอดฉันที,Mycara Melony,22 ธ.ค. 2022,https://youtu.be/wifvnNM8FpY
Last Christmas,Wham!,23 ธ.ค. 2022,https://www.youtube.com/watch?v=QFQsY3KnDkE&t=1147s
Merry Christmas,Ed Sheeran & Elton John,23 ธ.ค. 2022,https://www.youtube.com/watch?v=QFQsY3KnDkE&t=1204s
ฟ้า,Tattoo Colour,23 ธ.ค. 2022,https://www.youtube.com/watch?v=QFQsY3KnDkE&t=2012s
ลม,Num Kala,23 ธ.ค. 2022,https://www.youtube.com/watch?v=QFQsY3KnDkE&t=2524s
คนไกล,Patrickananda,23 ธ.ค. 2022,https://www.youtube.com/watch?v=QFQsY3KnDkE&t=2645s
Meri Kuri,BoA,23 ธ.ค. 2022,https://www.youtube.com/watch?v=QFQsY3KnDkE&t=3378s
Dry Flower,Yuuri,23 ธ.ค. 2022,https://www.youtube.com/watch?v=QFQsY3KnDkE&t=3475s
Back To December,Taylor Swift,23 ธ.ค. 2022,https://www.youtube.com/watch?v=QFQsY3KnDkE&t=4174s
Winter Things,Ariana Grande,23 ธ.ค. 2022,https://www.youtube.com/watch?v=QFQsY3KnDkE&t=4271s
คำถาม,PUNYARB,23 ธ.ค. 2022,https://www.youtube.com/watch?v=QFQsY3KnDkE&t=4879s
04:00,THE TOYS,23 ธ.ค. 2022,https://www.youtube.com/watch?v=QFQsY3KnDkE&t=5005s
Hadaka no Kokoro,Aimyon,23 ธ.ค. 2022,https://www.youtube.com/watch?v=QFQsY3KnDkE&t=5819s
Yoru ni Kakeru,YOASOBI,23 ธ.ค. 2022,https://www.youtube.com/watch?v=QFQsY3KnDkE&t=5936s
Only Hope,Mandy Moore,23 ธ.ค. 2022,https://www.youtube.com/watch?v=QFQsY3KnDkE&t=7015s
We Wish You a Merry Christmas,Enya,23 ธ.ค. 2022,https://www.youtube.com/watch?v=QFQsY3KnDkE&t=7132s
กอดฉันที,Mycara Melony,23 ธ.ค. 2022,https://www.youtube.com/watch?v=QFQsY3KnDkE&t=7590s
หน้าหนาวที่แล้ว,THE TOYS,23 ธ.ค. 2022,https://youtu.be/3P8cKqjqXHA
กะเพรากะเธอ,Mycara Melony,28 ธ.ค. 2022,https://www.youtube.com/watch?v=J5lbCAYW7jI&t=8147s
พิจารณา (Consider),Musketeers,31 ธ.ค. 2022,https://www.youtube.com/watch?v=K0C9IGWSJ9k&t=838s
Lost Stars,Adam Levine,31 ธ.ค. 2022,https://www.youtube.com/watch?v=K0C9IGWSJ9k&t=1353s
Pretty Boy,M2M,31 ธ.ค. 2022,https://www.youtube.com/watch?v=K0C9IGWSJ9k&t=1816s
Payphone,Maroon 5,31 ธ.ค. 2022,https://www.youtube.com/watch?v=K0C9IGWSJ9k&t=2368s
กะเพรากุ้้ง,Mycara Melony,31 ธ.ค. 2022,https://www.youtube.com/watch?v=K0C9IGWSJ9k&t=3590s
วาดไว้,BOWKYLION,31 ธ.ค. 2022,https://www.youtube.com/watch?v=K0C9IGWSJ9k&t=3828s
PILLOWTALK,ZAYN,31 ธ.ค. 2022,https://www.youtube.com/watch?v=K0C9IGWSJ9k&t=4483s
ฟ้า ,Tattoo Colour,31 ธ.ค. 2022,https://www.youtube.com/watch?v=K0C9IGWSJ9k&t=5001s
Price Tag,Jessie J,31 ธ.ค. 2022,https://www.youtube.com/watch?v=K0C9IGWSJ9k&t=5478s
ผู้ชายในฝัน,พุ่งพวง ดวงจันทร์,31 ธ.ค. 2022,https://www.youtube.com/watch?v=K0C9IGWSJ9k&t=5968s
สามสิบยังแจ๋ว,ยอดรักสลักใจ,31 ธ.ค. 2022,https://www.youtube.com/watch?v=K0C9IGWSJ9k&t=6290s
ถ้าเธอต้องเลือก,illslick,31 ธ.ค. 2022,https://www.youtube.com/watch?v=K0C9IGWSJ9k&t=6540s
พรหมลิขิต,สุนทราภรณ์,31 ธ.ค. 2022,https://www.youtube.com/watch?v=K0C9IGWSJ9k&t=7014s
รักแท้ ดูแลไม่ได้,Potato,31 ธ.ค. 2022,https://www.youtube.com/watch?v=K0C9IGWSJ9k&t=7270s
Thinking Out Loud,Ed Sheeran,31 ธ.ค. 2022,https://www.youtube.com/watch?v=K0C9IGWSJ9k&t=7408s
ลาลาอย (100%),THE TOYS,31 ธ.ค. 2022,https://www.youtube.com/watch?v=K0C9IGWSJ9k&t=8312s
รักฉันเรียกว่าเธอ,ALL KAMIKAZE,31 ธ.ค. 2022,https://www.youtube.com/watch?v=K0C9IGWSJ9k&t=9064s
Versace On The Floor,Bruno Mars,31 ธ.ค. 2022,https://www.youtube.com/watch?v=K0C9IGWSJ9k&t=9651s
กอดฉันที,Mycara Melony,31 ธ.ค. 2022,https://www.youtube.com/watch?v=K0C9IGWSJ9k&t=10020s
รักเธอย้ำย้ำ,Mycara Melony,31 ธ.ค. 2022,https://www.youtube.com/watch?v=K0C9IGWSJ9k&t=10630s
What Makes You Beautiful,One Direction,31 ธ.ค. 2022,https://www.youtube.com/watch?v=K0C9IGWSJ9k&t=11566s
ฝนตกไหม,Three Man Down,31 ธ.ค. 2022,https://www.youtube.com/watch?v=K0C9IGWSJ9k&t=12071s
รักแล้วพบ,Mycara Melony,31 ธ.ค. 2022,https://www.youtube.com/watch?v=K0C9IGWSJ9k&t=15585s
คืนข้ามปี,ดา เอ็นโดรฟิน,31 ธ.ค. 2022,https://www.youtube.com/watch?v=K0C9IGWSJ9k&t=17681s
อยู่ต่อเลยได้ไหม,สิงโต นำโชค,31 ธ.ค. 2022,https://www.youtube.com/watch?v=K0C9IGWSJ9k&t=18268s
นักเลงเก่า,TaitosmitH,1 ม.ค. 2023,https://www.youtube.com/watch?v=vZH3Ec4XqSE&t=1882s
โคโยตี้,TaitosmitH,1 ม.ค. 2023,https://www.youtube.com/watch?v=vZH3Ec4XqSE&t=4924s
Roses,Finn Askew,1 ม.ค. 2023,https://www.youtube.com/watch?v=vZH3Ec4XqSE&t=6206s
Gone,ROSÉ,1 ม.ค. 2023,https://www.youtube.com/watch?v=vZH3Ec4XqSE&t=6866s
อาย,สิงโต นำโชค,1 ม.ค. 2023,https://www.youtube.com/watch?v=vZH3Ec4XqSE&t=8780s
ท่านพี่ที่รัก,Mycara Melony,1 ม.ค. 2023,https://www.youtube.com/watch?v=9wuZq5h13NM&t=9084s
กอดฉันที,Mycara Melony,1 ม.ค. 2023,https://www.youtube.com/watch?v=9wuZq5h13NM&t=10444s
เซโรงัง,Slur,6 ม.ค. 2023,https://www.youtube.com/watch?v=heSqw39wG6U&t=1042s
Pattaya Lover,TaitosmitH,6 ม.ค. 2023,https://www.youtube.com/watch?v=heSqw39wG6U&t=1173s
Golden Hour,JVKE,6 ม.ค. 2023,https://www.youtube.com/watch?v=heSqw39wG6U&t=1733s
I Love You 3000,Stephanie Poetri,6 ม.ค. 2023,https://www.youtube.com/watch?v=heSqw39wG6U&t=1817s
ท่านพี่ที่รัก,Mycara Melony,6 ม.ค. 2023,https://www.youtube.com/watch?v=heSqw39wG6U&t=2225s
ห้ามใจไม่อยู่ (is it you?),Earth Patravee,6 ม.ค. 2023,https://www.youtube.com/watch?v=heSqw39wG6U&t=2857s
เวลาเธอยิ้ม,POLYCAT,6 ม.ค. 2023,https://www.youtube.com/watch?v=heSqw39wG6U&t=2924s
Top Of The World,Carpenters,6 ม.ค. 2023,https://www.youtube.com/watch?v=heSqw39wG6U&t=3403s
Perfect,Ed Sheeran,6 ม.ค. 2023,https://www.youtube.com/watch?v=heSqw39wG6U&t=3474s
โปรดเถิดรัก,Cocktail,6 ม.ค. 2023,https://www.youtube.com/watch?v=heSqw39wG6U&t=4191s
จากนี้ไปจนนิรันดร์,เอ๊ะ จิรากร,6 ม.ค. 2023,https://www.youtube.com/watch?v=heSqw39wG6U&t=4284s
See You Again,Wiz Khalifa,11 ม.ค. 2023,https://www.youtube.com/watch?v=_lGhlvUZD7A&t=789s
พิง,NONT TANONT,11 ม.ค. 2023,https://www.youtube.com/watch?v=_lGhlvUZD7A&t=1426s
มะงึกๆอุ๋งๆ,ORNLY YOU,11 ม.ค. 2023,https://www.youtube.com/watch?v=_lGhlvUZD7A&t=2012s
Jeep,วัชราวลี,11 ม.ค. 2023,https://www.youtube.com/watch?v=_lGhlvUZD7A&t=2455s
Home,Michael Bublé,11 ม.ค. 2023,https://www.youtube.com/watch?v=_lGhlvUZD7A&t=3218s
All of Me,John Legend,11 ม.ค. 2023,https://www.youtube.com/watch?v=_lGhlvUZD7A&t=3286s
แฟนคนนึง,เฟย์ ฟาง แก้ว,11 ม.ค. 2023,https://www.youtube.com/watch?v=_lGhlvUZD7A&t=3897s
ของขวัญ,Musketeers,11 ม.ค. 2023,https://www.youtube.com/watch?v=_lGhlvUZD7A&t=4011s
คนไกล,Patrickananda,11 ม.ค. 2023,https://www.youtube.com/watch?v=_lGhlvUZD7A&t=4460s
เธอ,Cocktail,11 ม.ค. 2023,https://www.youtube.com/watch?v=_lGhlvUZD7A&t=4943s
Lavender,Patrickananda,11 ม.ค. 2023,https://www.youtube.com/watch?v=_lGhlvUZD7A&t=5465s
จูบ,illslick,11 ม.ค. 2023,https://www.youtube.com/watch?v=_lGhlvUZD7A&t=6123s
การเดินทาง,ชาติ สุชาติ,11 ม.ค. 2023,https://www.youtube.com/watch?v=_lGhlvUZD7A&t=6242s
โต๊ะริม,NONT TANONT,11 ม.ค. 2023,https://www.youtube.com/watch?v=_lGhlvUZD7A&t=12021s
Stay With Me,Sam Smith,11 ม.ค. 2023,https://www.youtube.com/watch?v=_lGhlvUZD7A&t=7103s
2002,Anne-Marie,11 ม.ค. 2023,https://www.youtube.com/watch?v=_lGhlvUZD7A&t=7218s
Happy,Pharrell Williams,11 ม.ค. 2023,https://www.youtube.com/watch?v=_lGhlvUZD7A&t=7662s
A Thousand Years,Christina Perri,11 ม.ค. 2023,https://www.youtube.com/watch?v=_lGhlvUZD7A&t=7950s
เงินน่ะมีไหม,พุ่มพวง ดวงจันทร์,11 ม.ค. 2023,https://www.youtube.com/watch?v=_lGhlvUZD7A&t=8308s
Meant to Be,Bebe Rexha,11 ม.ค. 2023,https://www.youtube.com/watch?v=_lGhlvUZD7A&t=8879s
เฉยเมย,YOUNGOHM,11 ม.ค. 2023,https://www.youtube.com/watch?v=_lGhlvUZD7A&t=9640s
หยุดได้แล้ว,MEAN x NONT TANONT,11 ม.ค. 2023,https://www.youtube.com/watch?v=_lGhlvUZD7A&t=10065s
ลูกอม,วัชราวลี,11 ม.ค. 2023,https://www.youtube.com/watch?v=_lGhlvUZD7A&t=10188s
ไม่ได้ก็ไม่เอา,PiXXiE,11 ม.ค. 2023,https://www.youtube.com/watch?v=_lGhlvUZD7A&t=10876s
ทำอะไรสักอย่าง,ป้าง นครินทร์,11 ม.ค. 2023,https://www.youtube.com/watch?v=_lGhlvUZD7A&t=11328s
Leave the Door Open,"Bruno Mars, Anderson .Paak, Silk Sonic",11 ม.ค. 2023,https://www.youtube.com/watch?v=_lGhlvUZD7A&t=11404s
LUXURY,D GERRARD,11 ม.ค. 2023,https://www.youtube.com/watch?v=_lGhlvUZD7A&t=11891s
We Are!,One Piece OP1,14 ม.ค. 2023,https://www.youtube.com/watch?v=mTkOLAeokdU&t=1566s
"My Soul, Your Beats!",Angel Beats! OP,14 ม.ค. 2023,https://www.youtube.com/watch?v=mTkOLAeokdU&t=2437s
Stay Alive,Re:Zero ED2,14 ม.ค. 2023,https://www.youtube.com/watch?v=mTkOLAeokdU&t=3013s
The Day,My Hero Academia OP1,14 ม.ค. 2023,https://www.youtube.com/watch?v=mTkOLAeokdU&t=3493s
เขาเรียกผมว่าเอเรน,พี สะเดิด,14 ม.ค. 2023,https://www.youtube.com/watch?v=mTkOLAeokdU&t=3985s
Nee,Hiiro no Kakera OP1,14 ม.ค. 2023,https://www.youtube.com/watch?v=mTkOLAeokdU&t=4426s
Sparkle,Your Name OP,14 ม.ค. 2023,https://www.youtube.com/watch?v=mTkOLAeokdU&t=5226s
VORACITY,Overload OP3,14 ม.ค. 2023,https://www.youtube.com/watch?v=mTkOLAeokdU&t=6030s
From Me to You,Kimi ni Todoke OP1,14 ม.ค. 2023,https://www.youtube.com/watch?v=mTkOLAeokdU&t=6836s
Zoetrope,Amnesia OP,14 ม.ค. 2023,https://www.youtube.com/watch?v=mTkOLAeokdU&t=7869s
Homura,Kimetsu no Yaiba The Movie OP,14 ม.ค. 2023,https://www.youtube.com/watch?v=mTkOLAeokdU&t=8396s
ไปต่างโลก,Pixela Isekai,14 ม.ค. 2023,https://www.youtube.com/watch?v=mTkOLAeokdU&t=8983s
แพ้ทาง,LABANOON,15 ม.ค. 2023,https://www.youtube.com/watch?v=WGb1_PWYZtM&t=3705s
ละลาย,Four-Mod,15 ม.ค. 2023,https://www.youtube.com/watch?v=WGb1_PWYZtM&t=9236s
ใจหมา,T_T ทีที,17 ม.ค. 2023,https://www.youtube.com/watch?v=RC_3YGTjZNM&t=918s
ยังคงคอย,NONT TANONT,17 ม.ค. 2023,https://www.youtube.com/watch?v=RC_3YGTjZNM&t=1615s
ซาโยนาระ,MILD,17 ม.ค. 2023,https://www.youtube.com/watch?v=RC_3YGTjZNM&t=2412s
วัดใจ,Silly Fools,17 ม.ค. 2023,https://www.youtube.com/watch?v=RC_3YGTjZNM&t=2843s
สักวันฉันจะดีพอ,Bodyslam,17 ม.ค. 2023,https://www.youtube.com/watch?v=RC_3YGTjZNM&t=3900s
ขัดใจ,COLORPITCH,17 ม.ค. 2023,https://www.youtube.com/watch?v=RC_3YGTjZNM&t=4324s
ก่อนฤดูฝน,THE TOYS,17 ม.ค. 2023,https://www.youtube.com/watch?v=RC_3YGTjZNM&t=4662s
คนทางนั้น,GiFT My Project,17 ม.ค. 2023,https://www.youtube.com/watch?v=RC_3YGTjZNM&t=5245s
รักฉันเรียกว่าเธอ,ALL KAMIKAZE,17 ม.ค. 2023,https://www.youtube.com/watch?v=RC_3YGTjZNM&t=5513s
ใจกลางความรู้สึกดีดี,เอ๊ะ จิรากร,17 ม.ค. 2023,https://www.youtube.com/watch?v=RC_3YGTjZNM&t=5794s
ไกลคือไหนคือใกล้,Getsunova,17 ม.ค. 2023,https://www.youtube.com/watch?v=RC_3YGTjZNM&t=6085s
ห้องนอน,Fridaynight to Sunday,20 ม.ค. 2023,https://www.youtube.com/watch?v=pK_YiCBmCZQ&t=338s
จะได้ไม่ลืมกัน,เบิร์ด ธงไชย,20 ม.ค. 2023,https://www.youtube.com/watch?v=pK_YiCBmCZQ&t=816s
คืนจันทร์,LOSO,20 ม.ค. 2023,https://www.youtube.com/watch?v=pK_YiCBmCZQ&t=1313s
ร่มสีเทา,วัชราวลี,20 ม.ค. 2023,https://www.youtube.com/watch?v=pK_YiCBmCZQ&t=1633s
ที่รัก (เธอ),เอก สุระเชษฐ์,20 ม.ค. 2023,https://www.youtube.com/watch?v=pK_YiCBmCZQ&t=1937s
Morning,LAZYLOXY,20 ม.ค. 2023,https://www.youtube.com/watch?v=pK_YiCBmCZQ&t=2234s
อยากมีแฟนแล้ว,Lipta,20 ม.ค. 2023,https://www.youtube.com/watch?v=pK_YiCBmCZQ&t=2669s
Try To,MAIYARAP,20 ม.ค. 2023,https://www.youtube.com/watch?v=pK_YiCBmCZQ&t=2770s
ซ่อนกลิ่น,PALMY,20 ม.ค. 2023,https://www.youtube.com/watch?v=pK_YiCBmCZQ&t=3307s
ตัวร้ายที่รักเธอ,ทศกัณฐ์,20 ม.ค. 2023,https://www.youtube.com/watch?v=pK_YiCBmCZQ&t=3829s
I'M SORRY (สีดา),The Rube,20 ม.ค. 2023,https://www.youtube.com/watch?v=pK_YiCBmCZQ&t=3956s
เฮง เฮง เฮง,China Dolls,20 ม.ค. 2023,https://www.youtube.com/watch?v=zgxDU1IOXW4&t=633s
หมวยนี่คะ,China Dolls,20 ม.ค. 2023,https://www.youtube.com/watch?v=zgxDU1IOXW4&t=1925s
Tian Mi Mi,甜蜜蜜,20 ม.ค. 2023,https://www.youtube.com/watch?v=zgxDU1IOXW4&t=2868s
อาหมวยหาย,THE TOYS,20 ม.ค. 2023,https://www.youtube.com/watch?v=zgxDU1IOXW4&t=4049s
จีน (Chinese),ZENTYARB,20 ม.ค. 2023,https://www.youtube.com/watch?v=zgxDU1IOXW4&t=4823s
หรูเหอ,PP Krit,20 ม.ค. 2023,https://www.youtube.com/watch?v=zgxDU1IOXW4&t=5466s
You Exist In My Song,Wanting,20 ม.ค. 2023,https://www.youtube.com/watch?v=zgxDU1IOXW4&t=6054s
When I Was Your Man,Bruno Mars,20 ม.ค. 2023,https://www.youtube.com/watch?v=zgxDU1IOXW4&t=6474s
ช้ำคือเรา,THE TOYS,20 ม.ค. 2023,https://www.youtube.com/watch?v=zgxDU1IOXW4&t=7111s
สีเทา,ฟาร์ม ปณิธาน,20 ม.ค. 2023,https://www.youtube.com/watch?v=zgxDU1IOXW4&t=7656s
Officially Missing You,Jayesslee,20 ม.ค. 2023,https://www.youtube.com/watch?v=zgxDU1IOXW4&t=7991s
กะเพรากุ้ง,Mycara Melony,20 ม.ค. 2023,https://www.youtube.com/watch?v=zgxDU1IOXW4&t=8339s
Gyutto (ぎゅっと),Mosawo (もさを),21 ม.ค. 2023,https://www.youtube.com/live/PFkL_Vn3kyU?feature=share&t=4645
แค่พี่น้อง,Tilly Brids,22 ม.ค. 2023,https://www.youtube.com/watch?v=81Muug5Vtc8&t=763s
Perfect,One Direction,22 ม.ค. 2023,https://www.youtube.com/watch?v=81Muug5Vtc8&t=5611s
ไม่บอกเธอ,Bedroom Audio,26 ม.ค. 2023,https://www.youtube.com/watch?v=0fmWDE-L_fM&t=1103s
กระโดดกอด,KLEAR,26 ม.ค. 2023,https://www.youtube.com/watch?v=0fmWDE-L_fM&t=1209s
How deep is your love,Bee Gees,26 ม.ค. 2023,https://www.youtube.com/watch?v=0fmWDE-L_fM&t=1813s
Tipsy,Wanuka,26 ม.ค. 2023,https://www.youtube.com/live/0fmWDE-L_fM?feature=share
เมาทุกขวดเจ็บปวดทุกเพลง,ดู-โอเมย์,26 ม.ค. 2023,https://www.youtube.com/watch?v=0fmWDE-L_fM&t=2377s
อันเฟรนด์ (Unfriend),Helmetheads,26 ม.ค. 2023,https://www.youtube.com/live/0fmWDE-L_fM?feature=share
ผู้ถูกเลือกให้ผิดหวัง,เรนิษรา,26 ม.ค. 2023,https://www.youtube.com/watch?v=0fmWDE-L_fM&t=3103s
มูเตลู,PiXXiE,26 ม.ค. 2023,https://www.youtube.com/live/0fmWDE-L_fM?feature=sharee
If I Ain't Got You,Alicia Keys,26 ม.ค. 2023,https://www.youtube.com/watch?v=0fmWDE-L_fM&t=3892s
Sunday Morning,Maroon 5,26 ม.ค. 2023,https://www.youtube.com/live/0fmWDE-L_fM?feature=share
Attention,Charlie Puth,26 ม.ค. 2023,https://www.youtube.com/watch?v=0fmWDE-L_fM&t=4237s
คิดแต่ไม่ถึง,Tilly Birds,26 ม.ค. 2023,https://www.youtube.com/live/0fmWDE-L_fM?feature=share
ตราบธุรีดิน,PMC ปู่จ๋านลองไมค์,26 ม.ค. 2023,https://www.youtube.com/watch?v=0fmWDE-L_fM&t=4896s
คุกเข่า,Cocktail,26 ม.ค. 2023,https://www.youtube.com/live/0fmWDE-L_fM?feature=share
เล่นของสูง,Big Ass,26 ม.ค. 2023,https://www.youtube.com/watch?v=0fmWDE-L_fM&t=5697s
Love story,Taylor Swift,26 ม.ค. 2023,https://www.youtube.com/watch?v=0fmWDE-L_fM&t=6964s
โต๊ะวี,NONT TANONT,26 ม.ค. 2023,https://www.youtube.com/watch?v=0fmWDE-L_fM&t=7398s
เลี้ยงส่ง,So Cool,26 ม.ค. 2023,https://www.youtube.com/watch?v=0fmWDE-L_fM&t=7817s
มือปืน,พงษ์สิทธิ์ คำภีร์,26 ม.ค. 2023,https://www.youtube.com/watch?v=0fmWDE-L_fM&t=3608s
แค่เมา (Tequila),Evalia,26 ม.ค. 2023,https://www.youtube.com/watch?v=0fmWDE-L_fM&t=6367s
ลืมไปแล้วว่าลืมยังไง,Jeff Satur,3 ก.พ. 2023,https://www.youtube.com/watch?v=JGnN28oKSk0&t=1038s
Hype Boy,NewJeans,3 ก.พ. 2023,https://www.youtube.com/watch?v=JGnN28oKSk0&t=2387s
น้อง,THREE MAN DOWN,3 ก.พ. 2023,https://www.youtube.com/watch?v=JGnN28oKSk0&t=3347s
สลักจิต,ป็อป ปองกูล,3 ก.พ. 2023,https://www.youtube.com/watch?v=JGnN28oKSk0&t=4028s
ทรงอย่างแบด,Paper Planes,3 ก.พ. 2023,https://www.youtube.com/watch?v=JGnN28oKSk0&t=4754s
น่ารักชิบปุ๋ง,Bonnadol,3 ก.พ. 2023,https://www.youtube.com/watch?v=JGnN28oKSk0&t=5415s
รักเธอย้ำย้ำ,Mycara Melony,3 ก.พ. 2023,https://www.youtube.com/watch?v=JGnN28oKSk0&t=6220s
ลมหนาวที่แล้ว,ONENIGHT x ZONEC,3 ก.พ. 2023,https://www.youtube.com/watch?v=JGnN28oKSk0&t=6750s
เลือดกรุ๊ปบี,Chrrissa,3 ก.พ. 2023,https://www.youtube.com/watch?v=JGnN28oKSk0&t=7615s
ชีวิตจริง,BOWKYLION,3 ก.พ. 2023,https://www.youtube.com/watch?v=JGnN28oKSk0&t=8359s
รินหมดแก้ว,Mycara Melony,3 ก.พ. 2023,https://www.youtube.com/watch?v=JGnN28oKSk0&t=8822s
จะรักหรือจะร้าย,KLEAR,9 ก.พ. 2023,https://www.youtube.com/watch?v=CgkPZkByaoI&t=753s
Wherever you are,ONE OK ROCK,9 ก.พ. 2023,https://www.youtube.com/watch?v=CgkPZkByaoI&t=1403s
แตกต่างเหมือนกัน,Getsunova,9 ก.พ. 2023,https://www.youtube.com/watch?v=CgkPZkByaoI&t=2165s
จันทร์เจ้า,Slot Machine,9 ก.พ. 2023,https://www.youtube.com/watch?v=CgkPZkByaoI&t=2846s
ใจเหลือเหลือ,Dr.Fuu,9 ก.พ. 2023,https://www.youtube.com/watch?v=CgkPZkByaoI&t=3354s
อยากร้องดังดัง,PALMY,9 ก.พ. 2023,https://www.youtube.com/watch?v=CgkPZkByaoI&t=3963s
เจ็บกว่าคือฉัน,Retrospect,9 ก.พ. 2023,https://www.youtube.com/watch?v=CgkPZkByaoI&t=4376s
จิ๊จ๊ะ,Silly Fools,9 ก.พ. 2023,https://www.youtube.com/watch?v=CgkPZkByaoI&t=4901s
ศรัทธา,หิน เหล็ก ไฟ,9 ก.พ. 2023,https://www.youtube.com/watch?v=CgkPZkByaoI&t=5330s
ยาพิษ,Bodyslam,9 ก.พ. 2023,https://www.youtube.com/watch?v=CgkPZkByaoI&t=5590s
นักเลงเก่า,TaitosmitH,9 ก.พ. 2023,https://www.youtube.com/watch?v=CgkPZkByaoI&t=5900s
ข้าน้อยสมควรตาย,Big Ass,9 ก.พ. 2023,https://www.youtube.com/watch?v=CgkPZkByaoI&t=6418s
แสงสุดท้าย,Bodyslam,9 ก.พ. 2023,https://www.youtube.com/watch?v=CgkPZkByaoI&t=6851s
วาดไว้้,BOWKYLION,10 ก.พ. 2023,https://youtu.be/nJzcIM4jKcQ
รัก,ปุ๊ อัญชลี,14 ก.พ. 2023,https://www.youtube.com/watch?v=Ha7GtjvkDio&t=3460s
รักเธอย้ำย้ำ (Valentine ver.),Mycara Melony,14 ก.พ. 2023,https://www.youtube.com/watch?v=Ha7GtjvkDio&t=6976s
รักเดียวใจเดียว,เสือ ธนพล,3 มี.ค. 2023,https://www.youtube.com/watch?v=8JxbZYZb45E&t=1462s
แค่ที่รัก,3.2.1,3 มี.ค. 2023,https://www.youtube.com/watch?v=8JxbZYZb45E&t=2388s
เเฟนผมน่ารัก,BOW Maylada,3 มี.ค. 2023,https://www.youtube.com/watch?v=8JxbZYZb45E&t=3309s
อาย,สิงโต นำโชค,3 มี.ค. 2023,https://www.youtube.com/watch?v=8JxbZYZb45E&t=4077s
อยากให้เธอลอง,Musketeers,3 มี.ค. 2023,https://www.youtube.com/watch?v=8JxbZYZb45E&t=4771s
เผื่อว่าจะพบเธอสักวัน,THE WHITE HAIR CUT,3 มี.ค. 2023,https://www.youtube.com/watch?v=8JxbZYZb45E&t=5460s
ภาพจำ,ป๊อป ปองกูล,3 มี.ค. 2023,https://www.youtube.com/watch?v=8JxbZYZb45E&t=6032s
ให้ฉันดูแลเธอ,แหนม รณเดช,3 มี.ค. 2023,https://www.youtube.com/watch?v=8JxbZYZb45E&t=7146s
14 อีกครั้ง,LOSO,3 มี.ค. 2023,https://www.youtube.com/watch?v=8JxbZYZb45E&t=7875s
มีอีกไหม,3.2.1,3 มี.ค. 2023,https://www.youtube.com/watch?v=8JxbZYZb45E&t=8764s
ท่านพี่ที่รัก,Mycara Melony,3 มี.ค. 2023,https://www.youtube.com/watch?v=8JxbZYZb45E&t=9146s
รักนะคะ,บี้ สุกฤษฎิ์,3 มี.ค. 2023,https://www.youtube.com/watch?v=8JxbZYZb45E&t=9537s
รักเธอไปทุกวัน,Potato,3 มี.ค. 2023,https://www.youtube.com/watch?v=8JxbZYZb45E&t=10087s
จีบ,แหนม รณเดช,3 มี.ค. 2023,https://www.youtube.com/watch?v=8JxbZYZb45E&t=10589s
รักแรกพบ,Tattoo Colour,3 มี.ค. 2023,https://www.youtube.com/watch?v=8JxbZYZb45E&t=11447s
Apologize,Timbaland,8 มี.ค. 2023,https://www.youtube.com/watch?v=iK0Lf7GLr5o&t=852s
Grenade,Bruno Mars,8 มี.ค. 2023,https://www.youtube.com/watch?v=iK0Lf7GLr5o&t=1520s
Sugar,Maroon 5,8 มี.ค. 2023,https://www.youtube.com/watch?v=iK0Lf7GLr5o&t=2255s
My Love,Westlife,8 มี.ค. 2023,https://www.youtube.com/watch?v=iK0Lf7GLr5o&t=3021s
Guide You Home,Diviners & Level 8,8 มี.ค. 2023,https://www.youtube.com/watch?v=iK0Lf7GLr5o&t=3581s
Die For You,The Weeknd,8 มี.ค. 2023,https://www.youtube.com/watch?v=iK0Lf7GLr5o&t=4160s
When You're Gone,Avril Lavigne,8 มี.ค. 2023,https://www.youtube.com/watch?v=iK0Lf7GLr5o&t=4717s
Shape of You,Ed Sheeran,8 มี.ค. 2023,https://www.youtube.com/watch?v=iK0Lf7GLr5o&t=5300s
Counting Stars,OneRepublic,8 มี.ค. 2023,https://www.youtube.com/watch?v=iK0Lf7GLr5o&t=6065s
All of Me,John Legend,8 มี.ค. 2023,https://www.youtube.com/watch?v=iK0Lf7GLr5o&t=6954s
Lost Stars,Adam Levine,8 มี.ค. 2023,https://www.youtube.com/watch?v=iK0Lf7GLr5o&t=7554s
Super Bass,Nicki Minaj,24 มี.ค. 2023,https://www.youtube.com/watch?v=dMIisix1CrY&t=905s
รักเมียที่สุดในโลก,illslick,24 มี.ค. 2023,https://www.youtube.com/watch?v=dMIisix1CrY&t=1661s
Lose Yourself,Eminem,24 มี.ค. 2023,https://www.youtube.com/watch?v=dMIisix1CrY&t=2436s
See You Again,Wiz Khalifa,24 มี.ค. 2023,https://www.youtube.com/watch?v=dMIisix1CrY&t=3196s
เฉยเมย,YOUNGOHM,24 มี.ค. 2023,https://www.youtube.com/watch?v=dMIisix1CrY&t=3887s
Stereo Hearts,GLEE,24 มี.ค. 2023,https://www.youtube.com/watch?v=dMIisix1CrY&t=4443s
ธารารัตน์,YOUNGOHM,24 มี.ค. 2023,https://www.youtube.com/watch?v=dMIisix1CrY&t=5011s
Love The Way You Lie,Eminem,24 มี.ค. 2023,https://www.youtube.com/watch?v=dMIisix1CrY&t=5861s
เป็นไรไหม,OG ANIC x LAZYLOXY,24 มี.ค. 2023,https://www.youtube.com/watch?v=dMIisix1CrY&t=6581s
เค้าก่อน,UrboyTJ,24 มี.ค. 2023,https://www.youtube.com/watch?v=dMIisix1CrY&t=7204s
เมล็ดพันธุ์ดวงดาว (Starseed),Mycara Melony,27 มี.ค. 2023,https://youtu.be/IYfgOuMyMks
รักเธอย้ำย้ำ,Mycara Melony,29 มี.ค. 2023,https://www.youtube.com/watch?v=RzNEPwARJj0&t=4487s
กะเพรากุ้ง,Mycara Melony,29 มี.ค. 2023,https://www.youtube.com/watch?v=RzNEPwARJj0&t=5009s
One More Night,Maroon 5,5 เม.ย. 2023,https://www.youtube.com/watch?v=HuAUESxms2o&t=974s
7Years,Lukas Graham,5 เม.ย. 2023,https://www.youtube.com/watch?v=HuAUESxms2o&t=1748s
7Years,Lukas Graham,5 เม.ย. 2023,https://www.youtube.com/watch?v=HuAUESxms2o&t=2067s
As Long As You Love Me,Backstreet Boys,5 เม.ย. 2023,https://www.youtube.com/watch?v=HuAUESxms2o&t=2862s
Easy On Me,Adele,5 เม.ย. 2023,https://www.youtube.com/watch?v=HuAUESxms2o&t=3364s
Lego House,Ed Sheeran,5 เม.ย. 2023,https://www.youtube.com/watch?v=HuAUESxms2o&t=3996s
Photograph,Ed Sheeran,5 เม.ย. 2023,https://www.youtube.com/watch?v=HuAUESxms2o&t=4649s
Set Fire To The Rain,Adele,5 เม.ย. 2023,https://www.youtube.com/watch?v=HuAUESxms2o&t=5321s
Zombie,The Cranberries,5 เม.ย. 2023,https://www.youtube.com/watch?v=HuAUESxms2o&t=5872s
Titanium,David Guetta ft. Sia,5 เม.ย. 2023,https://www.youtube.com/watch?v=HuAUESxms2o&t=7080s
คงไม่ทัน,สงกรานต์,13 เม.ย. 2023,https://www.youtube.com/watch?v=bI2iaNpjavw&t=893s
Creep,Radiohead,13 เม.ย. 2023,https://www.youtube.com/watch?v=bI2iaNpjavw&t=1474s
Skinny Love,Birdy,13 เม.ย. 2023,https://www.youtube.com/watch?v=bI2iaNpjavw&t=1957s
If I Ain't Got You,Alicia Keys,13 เม.ย. 2023,https://www.youtube.com/watch?v=bI2iaNpjavw&t=2616s
มือปืืน,พงษ์สิทธิ์ คำภีร์,13 เม.ย. 2023,https://www.youtube.com/watch?v=bI2iaNpjavw&t=3113s
Flashlight,Jessie J,13 เม.ย. 2023,https://www.youtube.com/watch?v=bI2iaNpjavw&t=3496s
Sign of the Times,Harry Styles,13 เม.ย. 2023,https://www.youtube.com/watch?v=bI2iaNpjavw&t=3961s
Lovely,Billie Eilish,13 เม.ย. 2023,https://www.youtube.com/watch?v=bI2iaNpjavw&t=4741s
Girl on Fire,Alicia Keys,13 เม.ย. 2023,https://www.youtube.com/watch?v=bI2iaNpjavw&t=5190s
I Will Always Love You,Whitney Houston,13 เม.ย. 2023,https://www.youtube.com/watch?v=bI2iaNpjavw&t=5559s
Starseed,Mycara Melony,13 เม.ย. 2023,https://www.youtube.com/watch?v=bI2iaNpjavw&t=6017s
รินหมดแก้ว,Mycara Melony,13 เม.ย. 2023,https://www.youtube.com/watch?v=bI2iaNpjavw&t=6585s
アイドル (IDOL),YOASOBI,6 พ.ค. 2023,https://www.youtube.com/watch?v=dRN3aAxed6g&t=666s
 365วันกับเครื่องบินกระดาษ,BNK48,6 พ.ค. 2023,https://www.youtube.com/watch?v=dRN3aAxed6g&t=1421s
มูเตลู,PiXXiE,6 พ.ค. 2023,https://www.youtube.com/watch?v=dRN3aAxed6g&t=2176s
Heavy Rotation,BNK48,6 พ.ค. 2023,https://www.youtube.com/watch?v=dRN3aAxed6g&t=2797s
คุกกี้เสี่ยงทาย,BNK48,6 พ.ค. 2023,https://www.youtube.com/watch?v=dRN3aAxed6g&t=3473s
Kimi wa Melody,BNK48,6 พ.ค. 2023,https://www.youtube.com/watch?v=dRN3aAxed6g&t=4159s
วัดปะหล่ะ?,4EVE,6 พ.ค. 2023,https://www.youtube.com/watch?v=dRN3aAxed6g&t=4915s
ห่างกันสักพัก,WAii,6 พ.ค. 2023,https://www.youtube.com/watch?v=dRN3aAxed6g&t=5495s
รักฉันเรียกว่าเธอ,ALL KAMIKAZE,6 พ.ค. 2023,https://www.youtube.com/watch?v=dRN3aAxed6g&t=6133s
วันแรก (Shonichi),BNK48,6 พ.ค. 2023,https://www.youtube.com/watch?v=dRN3aAxed6g&t=6899s
กอดฉันที,Mycara Melony,6 พ.ค. 2023,https://www.youtube.com/watch?v=dRN3aAxed6g&t=7443s
ชายคนหนึ่ง,PETER CORP,11 พ.ค. 2023,https://www.youtube.com/watch?v=Od4JIDzOUwY&t=897s
หยาดเพชร,ชรินทร์ นันทนาคร,11 พ.ค. 2023,https://www.youtube.com/watch?v=Od4JIDzOUwY&t=1509s
ใจร้าย,illslick,11 พ.ค. 2023,https://www.youtube.com/watch?v=Od4JIDzOUwY&t=2107s
พี่สาวครับ,จรัล มโนเพ็ชร,11 พ.ค. 2023,https://www.youtube.com/watch?v=Od4JIDzOUwY&t=2800s
พ่อกลับบ้าน,น้องเกี้ยมอี๋,11 พ.ค. 2023,https://www.youtube.com/watch?v=Od4JIDzOUwY&t=3251s
เก็บไว้ในใจไม่พอ,MAIYARAP x THREE MAN DOWN,11 พ.ค. 2023,https://www.youtube.com/watch?v=Od4JIDzOUwY&t=3550s
Stars,THE TOYS,11 พ.ค. 2023,https://www.youtube.com/watch?v=Od4JIDzOUwY&t=3890s
น่ารักดี,อ้อนแอ้น,11 พ.ค. 2023,https://www.youtube.com/watch?v=Od4JIDzOUwY&t=4375s
เพียงชายคนนี้ (ไม่ใช่ผู้วิเศษ),เพชร โอสถานุเคราะห์,11 พ.ค. 2023,https://www.youtube.com/watch?v=Od4JIDzOUwY&t=5061s
เมะ,THE TOYS,11 พ.ค. 2023,https://www.youtube.com/watch?v=Od4JIDzOUwY&t=5492s
คุณครูครับ,พลับ,11 พ.ค. 2023,https://www.youtube.com/watch?v=Od4JIDzOUwY&t=6071s
โตแล้ว (NOONA),KANGSOMKS x RYO,11 พ.ค. 2023,https://www.youtube.com/watch?v=Od4JIDzOUwY&t=6434s
ไวน์ลดา,THE TOYS,11 พ.ค. 2023,https://www.youtube.com/watch?v=Od4JIDzOUwY&t=7092s
ไกลสักเท่าไร,Pixela Isekai,11 พ.ค. 2023,https://www.youtube.com/watch?v=Od4JIDzOUwY&t=8000s
ไปต่างโลก,Pixela Isekai,19 พ.ค. 2023,https://www.youtube.com/watch?v=bwH9XSLpNmU&t=1014s
Undo,ป๊อบ ปองกูล,19 พ.ค. 2023,https://www.youtube.com/watch?v=bwH9XSLpNmU&t=1599s
ไม่รู้จักฉัน ไม่รู้จักเธอ,ดา เอ็นโดรฟิน x ป๊อบ ปองกูล,19 พ.ค. 2023,https://www.youtube.com/watch?v=bwH9XSLpNmU&t=2331s
เหนื่อยไหมหัวใจ,Retrospect,19 พ.ค. 2023,https://www.youtube.com/watch?v=bwH9XSLpNmU&t=3137s
ปล่อย,ป๊อบ ปองกูล,19 พ.ค. 2023,https://www.youtube.com/watch?v=bwH9XSLpNmU&t=3929s
สิ่งสำคัญ,ดา เอ็นโดรฟิน,19 พ.ค. 2023,https://www.youtube.com/watch?v=bwH9XSLpNmU&t=4853s
แพ้ใจ,ใหม่ เจริญปุระ,19 พ.ค. 2023,https://www.youtube.com/watch?v=bwH9XSLpNmU&t=5650s
ลืมไปแล้วว่าลืมยังไง (Fade),Jeff Satur,19 พ.ค. 2023,https://www.youtube.com/watch?v=bwH9XSLpNmU&t=6166s
ไม่เคย,25hours,19 พ.ค. 2023,https://www.youtube.com/watch?v=bwH9XSLpNmU&t=7240s
สองใจ,ดา เอ็นโดรฟิน,19 พ.ค. 2023,https://www.youtube.com/watch?v=bwH9XSLpNmU&t=7705s
ลงมาจากฟ้า,Pixela Mystic,22 พ.ค. 2023,https://youtu.be/VK5HWGOEJlU
ลงมาจากฟ้า,Pixela Mystic,17 มิ.ย. 2023,https://www.youtube.com/watch?v=vtMuWVXaQPw&t=592s
ไกลสักเท่าไร,Pixela Isekai,17 มิ.ย. 2023,https://www.youtube.com/watch?v=vtMuWVXaQPw&t=968s
เช้าวันใหม่ (Reboot),Pixela Project,17 มิ.ย. 2023,https://www.youtube.com/watch?v=vtMuWVXaQPw&t=1579s
ไปต่างโลก,Pixela Isekai,17 มิ.ย. 2023,https://www.youtube.com/watch?v=vtMuWVXaQPw&t=2086s
กอดฉันที,Mycara Melony,17 มิ.ย. 2023,https://www.youtube.com/watch?v=vtMuWVXaQPw&t=2585s
รักแล้วพบ,Mycara Melony,17 มิ.ย. 2023,https://www.youtube.com/watch?v=vtMuWVXaQPw&t=3100s
Starseed,Mycara Melony,17 มิ.ย. 2023,https://www.youtube.com/watch?v=vtMuWVXaQPw&t=3474s
รักเธอย้ำย้ำ,Mycara Melony,17 มิ.ย. 2023,https://www.youtube.com/watch?v=vtMuWVXaQPw&t=3894s
รินหมดแก้ว,Mycara Melony,17 มิ.ย. 2023,https://www.youtube.com/watch?v=vtMuWVXaQPw&t=4329s
กะเพรากุ้ง,Mycara Melony,17 มิ.ย. 2023,https://www.youtube.com/watch?v=vtMuWVXaQPw&t=4666s
ท่านพี่ที่รีก,Mycara Melony,17 มิ.ย. 2023,https://www.youtube.com/watch?v=vtMuWVXaQPw&t=5147s
เรือเล็กควรออกจากฝั่ง,Bodyslam,30 มิ.ย. 2023,https://www.youtube.com/watch?v=OIlR_i7WqO8&t=750s
สุดปัง,MILLI,30 มิ.ย. 2023,https://www.youtube.com/watch?v=OIlR_i7WqO8&t=1252s
ดาวมหาลัย,สาวมาด เมกะแดนซ์,30 มิ.ย. 2023,https://www.youtube.com/watch?v=OIlR_i7WqO8&t=1518s
"Two Voices, One Song",Barbie & The Diamond Castle,30 มิ.ย. 2023,https://www.youtube.com/watch?v=OIlR_i7WqO8&t=1719s
drunk,keshi,30 มิ.ย. 2023,https://www.youtube.com/watch?v=OIlR_i7WqO8&t=2258s
Kizuna No Kiseki,MAN WITH A MISSION × milet,30 มิ.ย. 2023,https://www.youtube.com/watch?v=OIlR_i7WqO8&t=2768s
Dum Dum (ดึมดึม),Jeff Satur,30 มิ.ย. 2023,https://www.youtube.com/watch?v=OIlR_i7WqO8&t=3257s
VORACITY,MYTH & ROID,30 มิ.ย. 2023,https://www.youtube.com/watch?v=OIlR_i7WqO8&t=3723s
Next Level,aespa,30 มิ.ย. 2023,https://www.youtube.com/watch?v=OIlR_i7WqO8&t=4270s
สุดปัง,MILLI,30 มิ.ย. 2023,https://www.youtube.com/watch?v=OIlR_i7WqO8&t=4750s
IDOL,YOASOBI,30 มิ.ย. 2023,https://www.youtube.com/watch?v=OIlR_i7WqO8&t=5081s
ดั่งดอกไม้บาน,เสถียรธรรมสถาน,30 มิ.ย. 2023,https://www.youtube.com/watch?v=OIlR_i7WqO8&t=5515s
รักเธอย้ำย้ำ,Mycara Melony,30 มิ.ย. 2023,https://www.youtube.com/watch?v=OIlR_i7WqO8&t=5605s
กะเพรากุ้ง,Mycara Melony,30 มิ.ย. 2023,https://www.youtube.com/watch?v=OIlR_i7WqO8&t=6205s
ลงมาจากฟ้า,Pixela Mystic,30 มิ.ย. 2023,https://www.youtube.com/watch?v=OIlR_i7WqO8&t=6990s
รถไฟชนกัน,Hanabi Lafy,15 ก.ค. 2023,https://www.youtube.com/watch?v=iEPheyLm4VY&t=688s
ฟังไม่ทัน,สุรบอลนอนน้อย,15 ก.ค. 2023,https://www.youtube.com/watch?v=iEPheyLm4VY&t=855s
แทนบ๋อย,โอมงกะลงปง x ตะมู่ยคริ x ต๊ะอิ๊อึอัส feat. สมปองงานวัด,15 ก.ค. 2023,https://www.youtube.com/watch?v=iEPheyLm4VY&t=1204s
หวานเย็น,MILD,15 ก.ค. 2023,https://www.youtube.com/watch?v=iEPheyLm4VY&t=1386s
เจ็บเมื่อไหร่ (CALL ME),KRIST,15 ก.ค. 2023,https://www.youtube.com/watch?v=iEPheyLm4VY&t=1834s
 คิด(แต่ไม่)ถึง,Tilly Birds,15 ก.ค. 2023,https://www.youtube.com/watch?v=iEPheyLm4VY&t=2358s
ความหวาน (Sweet),Lula,15 ก.ค. 2023,https://www.youtube.com/watch?v=iEPheyLm4VY&t=2836s
Akuma no Ko,Ai Higuchi,15 ก.ค. 2023,https://www.youtube.com/watch?v=iEPheyLm4VY&t=3204s
รักแรก (First Love),NONT TANONT,15 ก.ค. 2023,https://www.youtube.com/watch?v=iEPheyLm4VY&t=3598s
ขอใจเธอแลกเบอร์โทร,หญิงลี ศรีจุมพล,15 ก.ค. 2023,https://www.youtube.com/watch?v=iEPheyLm4VY&t=4110s
เกินต้าน,PiXXiE,15 ก.ค. 2023,https://www.youtube.com/watch?v=iEPheyLm4VY&t=4667s
กาลครั้งนึง,JUNENOM,15 ก.ค. 2023,https://www.youtube.com/watch?v=iEPheyLm4VY&t=5044s
Scar (Bleach OP),Tatsuya Kitani,22 ก.ค. 2023,https://www.youtube.com/watch?v=vIAuV8nGaNA&t=865s
Ao no sumika (Jujutsu Kaisen SS2 OP),Tatsuya Kitani,22 ก.ค. 2023,https://www.youtube.com/watch?v=vIAuV8nGaNA&t=1545s
Dark seeks light,Yui Ninomiya,22 ก.ค. 2023,https://www.youtube.com/watch?v=vIAuV8nGaNA&t=2032s
Tabibito no Uta,Yuiko Ohara,22 ก.ค. 2023,https://www.youtube.com/watch?v=vIAuV8nGaNA&t=2716s
Nameless story (Tensei Shitara Slime Datta Ken OP1),Takuma Terashima,22 ก.ค. 2023,https://www.youtube.com/watch?v=vIAuV8nGaNA&t=3686s
Kick back (CHAINSAW MAN OP),Kenshi Yonezu,22 ก.ค. 2023,https://www.youtube.com/watch?v=vIAuV8nGaNA&t=4377s
Guren no yumiya,Linked Horizon,22 ก.ค. 2023,https://www.youtube.com/watch?v=vIAuV8nGaNA&t=5305s
Like Flames,MindaRyn,22 ก.ค. 2023,https://www.youtube.com/watch?v=vIAuV8nGaNA&t=6150s
คนหรือไมโครเวฟ,Bell Warisara,6 ส.ค. 2023,https://www.youtube.com/watch?v=J3uWfqaMwBg&t=919s
ถามหน่อย,VARINZ x Z TRIP,6 ส.ค. 2023,https://www.youtube.com/watch?v=J3uWfqaMwBg&t=1490s
รักได้ป่าว,GAVIN:D,6 ส.ค. 2023,https://www.youtube.com/watch?v=J3uWfqaMwBg&t=1785s
ยินดี,sarah salola,6 ส.ค. 2023,https://www.youtube.com/watch?v=J3uWfqaMwBg&t=2253s
แนะนำให้เป็นแฟนเรา,BOW Maylada feat. GUYGEEGEE,6 ส.ค. 2023,https://www.youtube.com/watch?v=J3uWfqaMwBg&t=2683s
ชอบตัวเองตอนอยู่กับเธอ,Billkin,6 ส.ค. 2023,https://www.youtube.com/watch?v=J3uWfqaMwBg&t=3126s
i need somebody,บี้ สุกฤษฎิ์,6 ส.ค. 2023,https://www.youtube.com/watch?v=J3uWfqaMwBg&t=3586s
เธอคือกาแฟในตอนเช้า,No One Else,6 ส.ค. 2023,https://www.youtube.com/watch?v=J3uWfqaMwBg&t=3893s
Fall in Love,armor,6 ส.ค. 2023,https://www.youtube.com/watch?v=J3uWfqaMwBg&t=4543s
17 hoo hoo,Dept,6 ส.ค. 2023,https://www.youtube.com/watch?v=J3uWfqaMwBg&t=4836s
กลิ่นดอกไม้,Newery,12 ส.ค. 2023,https://www.youtube.com/watch?v=QdkYE6cStsk&t=595s
เดินมาส่ง (BYE),First Anuwat x SARAN,12 ส.ค. 2023,https://www.youtube.com/watch?v=QdkYE6cStsk&t=1575s
ผู้ถูกเลือกให้ผิดหวัง,เรนิษรา,12 ส.ค. 2023,https://www.youtube.com/watch?v=QdkYE6cStsk&t=2152s
ใจลอย (Blur),QLER,12 ส.ค. 2023,https://www.youtube.com/watch?v=QdkYE6cStsk&t=2755s
จังหวะตกหลุมรัก,DIDIxDADA,12 ส.ค. 2023,https://www.youtube.com/watch?v=QdkYE6cStsk&t=3573s
ข้างกัน (City),Three Man Down,12 ส.ค. 2023,https://www.youtube.com/watch?v=QdkYE6cStsk&t=4506s
คนไม่คุย,PROXIE,12 ส.ค. 2023,https://www.youtube.com/watch?v=QdkYE6cStsk&t=5197s
IDOL,YOASOBI,20 มิ.ย. 2023,https://youtu.be/7FA-idGqBmE